filepath,label
C:/Users/Admin/Downloads/archive (1)\Normal\normal (1058).jpg,0
C:/Users/Admin/Downloads/archive (1)\Jaundice\jaundice (139).jpg,1
C:/Users/Admin/Downloads/archive (1)\Normal\normal (678).jpg,0
C:/Users/Admin/Downloads/archive (1)\Normal\normal (902).jpg,0
C:/Users/Admin/Downloads/archive (1)\Normal\normal (701).jpg,0
C:/Users/Admin/Downloads/archive (1)\Jaundice\jaundice (195).jpg,1
C:/Users/Admin/Downloads/archive (1)\Normal\normal (1106).jpg,0
C:/Users/Admin/Downloads/archive (1)\Jaundice\jaundice (100).jpg,1
C:/Users/Admin/Downloads/archive (1)\Jaundice\jaundice (178).jpg,1
C:/Users/Admin/Downloads/archive (1)\Normal\normal (622).jpg,0
C:/Users/Admin/Downloads/archive (1)\Normal\normal (695).jpg,0
C:/Users/Admin/Downloads/archive (1)\Normal\normal (966).jpg,0
C:/Users/Admin/Downloads/archive (1)\Normal\normal (1078).jpg,0
C:/Users/Admin/Downloads/archive (1)\Normal\normal (711).jpg,0
C:/Users/Admin/Downloads/archive (1)\Jaundice\jaundice (16).jpg,1
C:/Users/Admin/Downloads/archive (1)\Jaundice\jaundice (191).jpg,1
C:/Users/Admin/Downloads/archive (1)\Normal\normal (726).jpg,0
C:/Users/Admin/Downloads/archive (1)\Normal\normal (851).jpg,0
C:/Users/Admin/Downloads/archive (1)\Normal\normal (400).jpg,0
C:/Users/Admin/Downloads/archive (1)\Normal\normal (758).jpg,0
C:/Users/Admin/Downloads/archive (1)\Normal\normal (757).jpg,0
C:/Users/Admin/Downloads/archive (1)\Normal\normal (970).jpg,0
C:/Users/Admin/Downloads/archive (1)\Normal\normal (935).jpg,0
C:/Users/Admin/Downloads/archive (1)\Normal\normal (718).jpg,0
C:/Users/Admin/Downloads/archive (1)\Normal\normal (1087).jpg,0
C:/Users/Admin/Downloads/archive (1)\Jaundice\jaundice (18).jpg,1
C:/Users/Admin/Downloads/archive (1)\Normal\normal (572).jpg,0
C:/Users/Admin/Downloads/archive (1)\Normal\normal (724).jpg,0
C:/Users/Admin/Downloads/archive (1)\Jaundice\jaundice (147).jpg,1
C:/Users/Admin/Downloads/archive (1)\Jaundice\jaundice (148).jpg,1
C:/Users/Admin/Downloads/archive (1)\Jaundice\jaundice (74).jpg,1
C:/Users/Admin/Downloads/archive (1)\Normal\normal (1024).jpg,0
C:/Users/Admin/Downloads/archive (1)\Normal\normal (804).jpg,0
C:/Users/Admin/Downloads/archive (1)\Normal\normal (988).jpg,0
C:/Users/Admin/Downloads/archive (1)\Jaundice\jaundice (14).jpg,1
C:/Users/Admin/Downloads/archive (1)\Normal\normal (751).jpg,0
C:/Users/Admin/Downloads/archive (1)\Normal\normal (1036).jpg,0
C:/Users/Admin/Downloads/archive (1)\Normal\normal (658).jpg,0
C:/Users/Admin/Downloads/archive (1)\Normal\normal (929).jpg,0
C:/Users/Admin/Downloads/archive (1)\Normal\normal (725).jpg,0
C:/Users/Admin/Downloads/archive (1)\Normal\normal (959).jpg,0
C:/Users/Admin/Downloads/archive (1)\Jaundice\jaundice (135).jpg,1
C:/Users/Admin/Downloads/archive (1)\Jaundice\jaundice (153).jpg,1
C:/Users/Admin/Downloads/archive (1)\Normal\normal (1074).jpg,0
C:/Users/Admin/Downloads/archive (1)\Normal\normal (587).jpg,0
C:/Users/Admin/Downloads/archive (1)\Normal\normal (1062).jpg,0
C:/Users/Admin/Downloads/archive (1)\Jaundice\jaundice (194).jpg,1
C:/Users/Admin/Downloads/archive (1)\Normal\normal (1116).jpg,0
C:/Users/Admin/Downloads/archive (1)\Normal\normal (685).jpg,0
C:/Users/Admin/Downloads/archive (1)\Normal\normal (1089).jpg,0
C:/Users/Admin/Downloads/archive (1)\Normal\normal (1010).jpg,0
C:/Users/Admin/Downloads/archive (1)\Normal\normal (643).jpg,0
C:/Users/Admin/Downloads/archive (1)\Normal\normal (1028).jpg,0
C:/Users/Admin/Downloads/archive (1)\Normal\normal (961).jpg,0
C:/Users/Admin/Downloads/archive (1)\Normal\normal (605).jpg,0
C:/Users/Admin/Downloads/archive (1)\Normal\normal (584).jpg,0
C:/Users/Admin/Downloads/archive (1)\Normal\normal (672).jpg,0
C:/Users/Admin/Downloads/archive (1)\Normal\normal (612).jpg,0
C:/Users/Admin/Downloads/archive (1)\Normal\normal (765).jpg,0
C:/Users/Admin/Downloads/archive (1)\Jaundice\jaundice (121).jpg,1
C:/Users/Admin/Downloads/archive (1)\Normal\normal (808).jpg,0
C:/Users/Admin/Downloads/archive (1)\Normal\normal (619).jpg,0
C:/Users/Admin/Downloads/archive (1)\Jaundice\jaundice (163).jpg,1
C:/Users/Admin/Downloads/archive (1)\Jaundice\jaundice (53).jpg,1
C:/Users/Admin/Downloads/archive (1)\Normal\normal (642).jpg,0
C:/Users/Admin/Downloads/archive (1)\Normal\normal (597).jpg,0
C:/Users/Admin/Downloads/archive (1)\Normal\normal (682).jpg,0
C:/Users/Admin/Downloads/archive (1)\Normal\normal (878).jpg,0
C:/Users/Admin/Downloads/archive (1)\Normal\normal (977).jpg,0
C:/Users/Admin/Downloads/archive (1)\Normal\normal (635).jpg,0
C:/Users/Admin/Downloads/archive (1)\Normal\normal (1083).jpg,0
C:/Users/Admin/Downloads/archive (1)\Normal\normal (1022).jpg,0
C:/Users/Admin/Downloads/archive (1)\Jaundice\jaundice (32).jpg,1
C:/Users/Admin/Downloads/archive (1)\Normal\normal (861).jpg,0
C:/Users/Admin/Downloads/archive (1)\Normal\normal (930).jpg,0
C:/Users/Admin/Downloads/archive (1)\Jaundice\jaundice (131).jpg,1
C:/Users/Admin/Downloads/archive (1)\Normal\normal (986).jpg,0
C:/Users/Admin/Downloads/archive (1)\Normal\normal (702).jpg,0
C:/Users/Admin/Downloads/archive (1)\Normal\normal (698).jpg,0
C:/Users/Admin/Downloads/archive (1)\Normal\normal (752).jpg,0
C:/Users/Admin/Downloads/archive (1)\Jaundice\jaundice (108).jpg,1
C:/Users/Admin/Downloads/archive (1)\Normal\normal (888).jpg,0
C:/Users/Admin/Downloads/archive (1)\Jaundice\jaundice (103).jpg,1
C:/Users/Admin/Downloads/archive (1)\Normal\normal (1038).jpg,0
C:/Users/Admin/Downloads/archive (1)\Normal\normal (897).jpg,0
C:/Users/Admin/Downloads/archive (1)\Normal\normal (803).jpg,0
C:/Users/Admin/Downloads/archive (1)\Normal\normal (1002).jpg,0
C:/Users/Admin/Downloads/archive (1)\Normal\normal (650).jpg,0
C:/Users/Admin/Downloads/archive (1)\Normal\normal (1014).jpg,0
C:/Users/Admin/Downloads/archive (1)\Normal\normal (946).jpg,0
C:/Users/Admin/Downloads/archive (1)\Normal\normal (589).jpg,0
C:/Users/Admin/Downloads/archive (1)\Normal\normal (775).jpg,0
C:/Users/Admin/Downloads/archive (1)\Normal\normal (816).jpg,0
C:/Users/Admin/Downloads/archive (1)\Jaundice\jaundice (90).jpg,1
C:/Users/Admin/Downloads/archive (1)\Normal\normal (957).jpg,0
C:/Users/Admin/Downloads/archive (1)\Jaundice\jaundice (128).jpg,1
C:/Users/Admin/Downloads/archive (1)\Normal\normal (789).jpg,0
C:/Users/Admin/Downloads/archive (1)\Normal\normal (639).jpg,0
C:/Users/Admin/Downloads/archive (1)\Normal\normal (729).jpg,0
C:/Users/Admin/Downloads/archive (1)\Normal\normal (955).jpg,0
C:/Users/Admin/Downloads/archive (1)\Normal\normal (781).jpg,0
C:/Users/Admin/Downloads/archive (1)\Normal\normal (826).jpg,0
C:/Users/Admin/Downloads/archive (1)\Normal\normal (805).jpg,0
C:/Users/Admin/Downloads/archive (1)\Normal\normal (833).jpg,0
C:/Users/Admin/Downloads/archive (1)\Normal\normal (854).jpg,0
C:/Users/Admin/Downloads/archive (1)\Normal\normal (1030).jpg,0
C:/Users/Admin/Downloads/archive (1)\Normal\normal (989).jpg,0
C:/Users/Admin/Downloads/archive (1)\Normal\normal (887).jpg,0
C:/Users/Admin/Downloads/archive (1)\Normal\normal (976).jpg,0
C:/Users/Admin/Downloads/archive (1)\Normal\normal (1109).jpg,0
C:/Users/Admin/Downloads/archive (1)\Normal\normal (1001).jpg,0
C:/Users/Admin/Downloads/archive (1)\Jaundice\jaundice (142).jpg,1
C:/Users/Admin/Downloads/archive (1)\Normal\normal (1100).jpg,0
C:/Users/Admin/Downloads/archive (1)\Jaundice\jaundice (162).jpg,1
C:/Users/Admin/Downloads/archive (1)\Jaundice\jaundice (156).jpg,1
C:/Users/Admin/Downloads/archive (1)\Jaundice\jaundice (42).jpg,1
C:/Users/Admin/Downloads/archive (1)\Normal\normal (836).jpg,0
C:/Users/Admin/Downloads/archive (1)\Normal\normal (1041).jpg,0
C:/Users/Admin/Downloads/archive (1)\Normal\normal (881).jpg,0
C:/Users/Admin/Downloads/archive (1)\Normal\normal (1055).jpg,0
C:/Users/Admin/Downloads/archive (1)\Normal\normal (625).jpg,0
C:/Users/Admin/Downloads/archive (1)\Normal\normal (908).jpg,0
C:/Users/Admin/Downloads/archive (1)\Jaundice\jaundice (92).jpg,1
C:/Users/Admin/Downloads/archive (1)\Normal\normal (1113).jpg,0
C:/Users/Admin/Downloads/archive (1)\Normal\normal (995).jpg,0
C:/Users/Admin/Downloads/archive (1)\Normal\normal (750).jpg,0
C:/Users/Admin/Downloads/archive (1)\Jaundice\jaundice (43).jpg,1
C:/Users/Admin/Downloads/archive (1)\Normal\normal (1118).jpg,0
C:/Users/Admin/Downloads/archive (1)\Normal\normal (792).jpg,0
C:/Users/Admin/Downloads/archive (1)\Normal\normal (771).jpg,0
C:/Users/Admin/Downloads/archive (1)\Normal\normal (917).jpg,0
C:/Users/Admin/Downloads/archive (1)\Normal\normal (847).jpg,0
C:/Users/Admin/Downloads/archive (1)\Normal\normal (1066).jpg,0
C:/Users/Admin/Downloads/archive (1)\Jaundice\jaundice (17).jpg,1
C:/Users/Admin/Downloads/archive (1)\Normal\normal (900).jpg,0
C:/Users/Admin/Downloads/archive (1)\Normal\normal (1025).jpg,0
C:/Users/Admin/Downloads/archive (1)\Normal\normal (1071).jpg,0
C:/Users/Admin/Downloads/archive (1)\Jaundice\jaundice (107).jpg,1
C:/Users/Admin/Downloads/archive (1)\Normal\normal (809).jpg,0
C:/Users/Admin/Downloads/archive (1)\Jaundice\jaundice (10).jpg,1
C:/Users/Admin/Downloads/archive (1)\Jaundice\jaundice (190).jpg,1
C:/Users/Admin/Downloads/archive (1)\Jaundice\jaundice (91).jpg,1
C:/Users/Admin/Downloads/archive (1)\Jaundice\jaundice (51).jpg,1
C:/Users/Admin/Downloads/archive (1)\Normal\normal (626).jpg,0
C:/Users/Admin/Downloads/archive (1)\Jaundice\jaundice (187).jpg,1
C:/Users/Admin/Downloads/archive (1)\Normal\normal (919).jpg,0
C:/Users/Admin/Downloads/archive (1)\Normal\normal (774).jpg,0
C:/Users/Admin/Downloads/archive (1)\Normal\normal (737).jpg,0
C:/Users/Admin/Downloads/archive (1)\Normal\normal (648).jpg,0
C:/Users/Admin/Downloads/archive (1)\Normal\normal (1067).jpg,0
C:/Users/Admin/Downloads/archive (1)\Jaundice\jaundice (57).jpg,1
C:/Users/Admin/Downloads/archive (1)\Normal\normal (677).jpg,0
C:/Users/Admin/Downloads/archive (1)\Jaundice\jaundice (200).jpg,1
C:/Users/Admin/Downloads/archive (1)\Normal\normal (972).jpg,0
C:/Users/Admin/Downloads/archive (1)\Normal\normal (1043).jpg,0
C:/Users/Admin/Downloads/archive (1)\Jaundice\jaundice (58).jpg,1
C:/Users/Admin/Downloads/archive (1)\Jaundice\jaundice (55).jpg,1
C:/Users/Admin/Downloads/archive (1)\Jaundice\jaundice (79).jpg,1
C:/Users/Admin/Downloads/archive (1)\Normal\normal (910).jpg,0
C:/Users/Admin/Downloads/archive (1)\Normal\normal (866).jpg,0
C:/Users/Admin/Downloads/archive (1)\Normal\normal (567).jpg,0
C:/Users/Admin/Downloads/archive (1)\Normal\normal (925).jpg,0
C:/Users/Admin/Downloads/archive (1)\Normal\normal (566).jpg,0
C:/Users/Admin/Downloads/archive (1)\Normal\normal (855).jpg,0
C:/Users/Admin/Downloads/archive (1)\Normal\normal (872).jpg,0
C:/Users/Admin/Downloads/archive (1)\Normal\normal (850).jpg,0
C:/Users/Admin/Downloads/archive (1)\Normal\normal (921).jpg,0
C:/Users/Admin/Downloads/archive (1)\Jaundice\jaundice (159).jpg,1
C:/Users/Admin/Downloads/archive (1)\Normal\normal (1005).jpg,0
C:/Users/Admin/Downloads/archive (1)\Jaundice\jaundice (183).jpg,1
C:/Users/Admin/Downloads/archive (1)\Normal\normal (952).jpg,0
C:/Users/Admin/Downloads/archive (1)\Normal\normal (1095).jpg,0
C:/Users/Admin/Downloads/archive (1)\Normal\normal (727).jpg,0
C:/Users/Admin/Downloads/archive (1)\Normal\normal (1).jpg,0
C:/Users/Admin/Downloads/archive (1)\Normal\normal (592).jpg,0
C:/Users/Admin/Downloads/archive (1)\Jaundice\jaundice (12).jpg,1
C:/Users/Admin/Downloads/archive (1)\Normal\normal (1073).jpg,0
C:/Users/Admin/Downloads/archive (1)\Jaundice\jaundice (172).jpg,1
C:/Users/Admin/Downloads/archive (1)\Normal\normal (864).jpg,0
C:/Users/Admin/Downloads/archive (1)\Normal\normal (842).jpg,0
C:/Users/Admin/Downloads/archive (1)\Normal\normal (973).jpg,0
C:/Users/Admin/Downloads/archive (1)\Jaundice\jaundice (101).jpg,1
C:/Users/Admin/Downloads/archive (1)\Normal\normal (879).jpg,0
C:/Users/Admin/Downloads/archive (1)\Normal\normal (871).jpg,0
C:/Users/Admin/Downloads/archive (1)\Normal\normal (949).jpg,0
C:/Users/Admin/Downloads/archive (1)\Normal\normal (1093).jpg,0
C:/Users/Admin/Downloads/archive (1)\Jaundice\jaundice (127).jpg,1
C:/Users/Admin/Downloads/archive (1)\Jaundice\jaundice (192).jpg,1
C:/Users/Admin/Downloads/archive (1)\Jaundice\jaundice (75).jpg,1
C:/Users/Admin/Downloads/archive (1)\Normal\normal (693).jpg,0
C:/Users/Admin/Downloads/archive (1)\Normal\normal (848).jpg,0
C:/Users/Admin/Downloads/archive (1)\Normal\normal (662).jpg,0
C:/Users/Admin/Downloads/archive (1)\Normal\normal (1065).jpg,0
C:/Users/Admin/Downloads/archive (1)\Normal\normal (869).jpg,0
C:/Users/Admin/Downloads/archive (1)\Normal\normal (1015).jpg,0
C:/Users/Admin/Downloads/archive (1)\Normal\normal (704).jpg,0
C:/Users/Admin/Downloads/archive (1)\Normal\normal (1088).jpg,0
C:/Users/Admin/Downloads/archive (1)\Normal\normal (615).jpg,0
C:/Users/Admin/Downloads/archive (1)\Jaundice\jaundice (52).jpg,1
C:/Users/Admin/Downloads/archive (1)\Jaundice\jaundice (96).jpg,1
C:/Users/Admin/Downloads/archive (1)\Normal\normal (604).jpg,0
C:/Users/Admin/Downloads/archive (1)\Normal\normal (614).jpg,0
C:/Users/Admin/Downloads/archive (1)\Normal\normal (747).jpg,0
C:/Users/Admin/Downloads/archive (1)\Jaundice\jaundice (72).jpg,1
C:/Users/Admin/Downloads/archive (1)\Normal\normal (933).jpg,0
C:/Users/Admin/Downloads/archive (1)\Normal\normal (839).jpg,0
C:/Users/Admin/Downloads/archive (1)\Normal\normal (697).jpg,0
C:/Users/Admin/Downloads/archive (1)\Normal\normal (759).jpg,0
C:/Users/Admin/Downloads/archive (1)\Normal\normal (926).jpg,0
C:/Users/Admin/Downloads/archive (1)\Normal\normal (788).jpg,0
C:/Users/Admin/Downloads/archive (1)\Jaundice\jaundice (13).jpg,1
C:/Users/Admin/Downloads/archive (1)\Normal\normal (1080).jpg,0
C:/Users/Admin/Downloads/archive (1)\Normal\normal (564).jpg,0
C:/Users/Admin/Downloads/archive (1)\Normal\normal (863).jpg,0
C:/Users/Admin/Downloads/archive (1)\Normal\normal (1119).jpg,0
C:/Users/Admin/Downloads/archive (1)\Normal\normal (1114).jpg,0
C:/Users/Admin/Downloads/archive (1)\Normal\normal (1049).jpg,0
C:/Users/Admin/Downloads/archive (1)\Normal\normal (613).jpg,0
C:/Users/Admin/Downloads/archive (1)\Normal\normal (1115).jpg,0
C:/Users/Admin/Downloads/archive (1)\Normal\normal (1053).jpg,0
C:/Users/Admin/Downloads/archive (1)\Jaundice\jaundice (47).jpg,1
C:/Users/Admin/Downloads/archive (1)\Jaundice\jaundice (25).jpg,1
C:/Users/Admin/Downloads/archive (1)\Normal\normal (793).jpg,0
C:/Users/Admin/Downloads/archive (1)\Normal\normal (951).jpg,0
C:/Users/Admin/Downloads/archive (1)\Normal\normal (665).jpg,0
C:/Users/Admin/Downloads/archive (1)\Normal\normal (820).jpg,0
C:/Users/Admin/Downloads/archive (1)\Jaundice\jaundice (138).jpg,1
C:/Users/Admin/Downloads/archive (1)\Normal\normal (963).jpg,0
C:/Users/Admin/Downloads/archive (1)\Jaundice\jaundice (171).jpg,1
C:/Users/Admin/Downloads/archive (1)\Normal\normal (1016).jpg,0
C:/Users/Admin/Downloads/archive (1)\Normal\normal (814).jpg,0
C:/Users/Admin/Downloads/archive (1)\Jaundice\jaundice (105).jpg,1
C:/Users/Admin/Downloads/archive (1)\Normal\normal (868).jpg,0
C:/Users/Admin/Downloads/archive (1)\Normal\normal (969).jpg,0
C:/Users/Admin/Downloads/archive (1)\Normal\normal (794).jpg,0
C:/Users/Admin/Downloads/archive (1)\Normal\normal (860).jpg,0
C:/Users/Admin/Downloads/archive (1)\Normal\normal (668).jpg,0
C:/Users/Admin/Downloads/archive (1)\Normal\normal (907).jpg,0
C:/Users/Admin/Downloads/archive (1)\Normal\normal (928).jpg,0
C:/Users/Admin/Downloads/archive (1)\Jaundice\jaundice (117).jpg,1
C:/Users/Admin/Downloads/archive (1)\Normal\normal (593).jpg,0
C:/Users/Admin/Downloads/archive (1)\Normal\normal (708).jpg,0
C:/Users/Admin/Downloads/archive (1)\Normal\normal (1082).jpg,0
C:/Users/Admin/Downloads/archive (1)\Normal\normal (932).jpg,0
C:/Users/Admin/Downloads/archive (1)\Normal\normal (838).jpg,0
C:/Users/Admin/Downloads/archive (1)\Normal\normal (637).jpg,0
C:/Users/Admin/Downloads/archive (1)\Jaundice\jaundice (196).jpg,1
C:/Users/Admin/Downloads/archive (1)\Normal\normal (679).jpg,0
C:/Users/Admin/Downloads/archive (1)\Normal\normal (801).jpg,0
C:/Users/Admin/Downloads/archive (1)\Jaundice\jaundice (177).jpg,1
C:/Users/Admin/Downloads/archive (1)\Jaundice\jaundice (112).jpg,1
C:/Users/Admin/Downloads/archive (1)\Normal\normal (1059).jpg,0
C:/Users/Admin/Downloads/archive (1)\Normal\normal (1076).jpg,0
C:/Users/Admin/Downloads/archive (1)\Normal\normal (756).jpg,0
C:/Users/Admin/Downloads/archive (1)\Normal\normal (638).jpg,0
C:/Users/Admin/Downloads/archive (1)\Normal\normal (573).jpg,0
C:/Users/Admin/Downloads/archive (1)\Normal\normal (609).jpg,0
C:/Users/Admin/Downloads/archive (1)\Jaundice\jaundice (151).jpg,1
C:/Users/Admin/Downloads/archive (1)\Normal\normal (954).jpg,0
C:/Users/Admin/Downloads/archive (1)\Normal\normal (905).jpg,0
C:/Users/Admin/Downloads/archive (1)\Normal\normal (565).jpg,0
C:/Users/Admin/Downloads/archive (1)\Normal\normal (964).jpg,0
C:/Users/Admin/Downloads/archive (1)\Normal\normal (579).jpg,0
C:/Users/Admin/Downloads/archive (1)\Normal\normal (824).jpg,0
C:/Users/Admin/Downloads/archive (1)\Normal\normal (922).jpg,0
C:/Users/Admin/Downloads/archive (1)\Jaundice\jaundice (60).jpg,1
C:/Users/Admin/Downloads/archive (1)\Normal\normal (890).jpg,0
C:/Users/Admin/Downloads/archive (1)\Jaundice\jaundice (184).jpg,1
C:/Users/Admin/Downloads/archive (1)\Normal\normal (623).jpg,0
C:/Users/Admin/Downloads/archive (1)\Jaundice\jaundice (149).jpg,1
C:/Users/Admin/Downloads/archive (1)\Normal\normal (896).jpg,0
C:/Users/Admin/Downloads/archive (1)\Normal\normal (608).jpg,0
C:/Users/Admin/Downloads/archive (1)\Jaundice\jaundice (94).jpg,1
C:/Users/Admin/Downloads/archive (1)\Normal\normal (940).jpg,0
C:/Users/Admin/Downloads/archive (1)\Normal\normal (1108).jpg,0
C:/Users/Admin/Downloads/archive (1)\Normal\normal (937).jpg,0
C:/Users/Admin/Downloads/archive (1)\Normal\normal (581).jpg,0
C:/Users/Admin/Downloads/archive (1)\Normal\normal (591).jpg,0
C:/Users/Admin/Downloads/archive (1)\Normal\normal (1018).jpg,0
C:/Users/Admin/Downloads/archive (1)\Jaundice\jaundice (111).jpg,1
C:/Users/Admin/Downloads/archive (1)\Normal\normal (634).jpg,0
C:/Users/Admin/Downloads/archive (1)\Normal\normal (958).jpg,0
C:/Users/Admin/Downloads/archive (1)\Normal\normal (720).jpg,0
C:/Users/Admin/Downloads/archive (1)\Normal\normal (884).jpg,0
C:/Users/Admin/Downloads/archive (1)\Normal\normal (998).jpg,0
C:/Users/Admin/Downloads/archive (1)\Normal\normal (651).jpg,0
C:/Users/Admin/Downloads/archive (1)\Normal\normal (811).jpg,0
C:/Users/Admin/Downloads/archive (1)\Normal\normal (999).jpg,0
C:/Users/Admin/Downloads/archive (1)\Normal\normal (835).jpg,0
C:/Users/Admin/Downloads/archive (1)\Jaundice\jaundice (144).jpg,1
C:/Users/Admin/Downloads/archive (1)\Jaundice\jaundice (137).jpg,1
C:/Users/Admin/Downloads/archive (1)\Normal\normal (934).jpg,0
C:/Users/Admin/Downloads/archive (1)\Jaundice\jaundice (68).jpg,1
C:/Users/Admin/Downloads/archive (1)\Normal\normal (644).jpg,0
C:/Users/Admin/Downloads/archive (1)\Normal\normal (1044).jpg,0
C:/Users/Admin/Downloads/archive (1)\Jaundice\jaundice (185).jpg,1
C:/Users/Admin/Downloads/archive (1)\Normal\normal (817).jpg,0
C:/Users/Admin/Downloads/archive (1)\Normal\normal (586).jpg,0
C:/Users/Admin/Downloads/archive (1)\Jaundice\jaundice (118).jpg,1
C:/Users/Admin/Downloads/archive (1)\Normal\normal (746).jpg,0
C:/Users/Admin/Downloads/archive (1)\Normal\normal (834).jpg,0
C:/Users/Admin/Downloads/archive (1)\Jaundice\jaundice (22).jpg,1
C:/Users/Admin/Downloads/archive (1)\Normal\normal (1056).jpg,0
C:/Users/Admin/Downloads/archive (1)\Normal\normal (739).jpg,0
C:/Users/Admin/Downloads/archive (1)\Normal\normal (939).jpg,0
C:/Users/Admin/Downloads/archive (1)\Normal\normal (1103).jpg,0
C:/Users/Admin/Downloads/archive (1)\Jaundice\jaundice (66).jpg,1
C:/Users/Admin/Downloads/archive (1)\Normal\normal (813).jpg,0
C:/Users/Admin/Downloads/archive (1)\Normal\normal (763).jpg,0
C:/Users/Admin/Downloads/archive (1)\Jaundice\jaundice (35).jpg,1
C:/Users/Admin/Downloads/archive (1)\Normal\normal (886).jpg,0
C:/Users/Admin/Downloads/archive (1)\Jaundice\jaundice (132).jpg,1
C:/Users/Admin/Downloads/archive (1)\Normal\normal (1004).jpg,0
C:/Users/Admin/Downloads/archive (1)\Normal\normal (674).jpg,0
C:/Users/Admin/Downloads/archive (1)\Normal\normal (912).jpg,0
C:/Users/Admin/Downloads/archive (1)\Normal\normal (971).jpg,0
C:/Users/Admin/Downloads/archive (1)\Normal\normal (967).jpg,0
C:/Users/Admin/Downloads/archive (1)\Normal\normal (975).jpg,0
C:/Users/Admin/Downloads/archive (1)\Jaundice\jaundice (36).jpg,1
C:/Users/Admin/Downloads/archive (1)\Normal\normal (1045).jpg,0
C:/Users/Admin/Downloads/archive (1)\Normal\normal (780).jpg,0
C:/Users/Admin/Downloads/archive (1)\Normal\normal (987).jpg,0
C:/Users/Admin/Downloads/archive (1)\Jaundice\jaundice (56).jpg,1
C:/Users/Admin/Downloads/archive (1)\Normal\normal (1096).jpg,0
C:/Users/Admin/Downloads/archive (1)\Normal\normal (1085).jpg,0
C:/Users/Admin/Downloads/archive (1)\Normal\normal (844).jpg,0
C:/Users/Admin/Downloads/archive (1)\Normal\normal (1075).jpg,0
C:/Users/Admin/Downloads/archive (1)\Normal\normal (1112).jpg,0
C:/Users/Admin/Downloads/archive (1)\Jaundice\jaundice (83).jpg,1
C:/Users/Admin/Downloads/archive (1)\Normal\normal (852).jpg,0
C:/Users/Admin/Downloads/archive (1)\Normal\normal (1035).jpg,0
C:/Users/Admin/Downloads/archive (1)\Jaundice\jaundice (3).jpg,1
C:/Users/Admin/Downloads/archive (1)\Normal\normal (583).jpg,0
C:/Users/Admin/Downloads/archive (1)\Jaundice\jaundice (155).jpg,1
C:/Users/Admin/Downloads/archive (1)\Normal\normal (733).jpg,0
C:/Users/Admin/Downloads/archive (1)\Jaundice\jaundice (59).jpg,1
C:/Users/Admin/Downloads/archive (1)\Jaundice\jaundice (8).jpg,1
C:/Users/Admin/Downloads/archive (1)\Normal\normal (580).jpg,0
C:/Users/Admin/Downloads/archive (1)\Normal\normal (981).jpg,0
C:/Users/Admin/Downloads/archive (1)\Normal\normal (1029).jpg,0
C:/Users/Admin/Downloads/archive (1)\Normal\normal (577).jpg,0
C:/Users/Admin/Downloads/archive (1)\Jaundice\jaundice (99).jpg,1
C:/Users/Admin/Downloads/archive (1)\Normal\normal (717).jpg,0
C:/Users/Admin/Downloads/archive (1)\Jaundice\jaundice (168).jpg,1
C:/Users/Admin/Downloads/archive (1)\Jaundice\jaundice (134).jpg,1
C:/Users/Admin/Downloads/archive (1)\Jaundice\jaundice (161).jpg,1
C:/Users/Admin/Downloads/archive (1)\Normal\normal (776).jpg,0
C:/Users/Admin/Downloads/archive (1)\Normal\normal (990).jpg,0
C:/Users/Admin/Downloads/archive (1)\Normal\normal (815).jpg,0
C:/Users/Admin/Downloads/archive (1)\Normal\normal (675).jpg,0
C:/Users/Admin/Downloads/archive (1)\Jaundice\jaundice (77).jpg,1
C:/Users/Admin/Downloads/archive (1)\Normal\normal (744).jpg,0
C:/Users/Admin/Downloads/archive (1)\Normal\normal (1081).jpg,0
C:/Users/Admin/Downloads/archive (1)\Normal\normal (673).jpg,0
C:/Users/Admin/Downloads/archive (1)\Normal\normal (978).jpg,0
C:/Users/Admin/Downloads/archive (1)\Normal\normal (595).jpg,0
C:/Users/Admin/Downloads/archive (1)\Normal\normal (624).jpg,0
C:/Users/Admin/Downloads/archive (1)\Normal\normal (684).jpg,0
C:/Users/Admin/Downloads/archive (1)\Normal\normal (590).jpg,0
C:/Users/Admin/Downloads/archive (1)\Jaundice\jaundice (80).jpg,1
C:/Users/Admin/Downloads/archive (1)\Normal\normal (1117).jpg,0
C:/Users/Admin/Downloads/archive (1)\Normal\normal (1047).jpg,0
C:/Users/Admin/Downloads/archive (1)\Jaundice\jaundice (21).jpg,1
C:/Users/Admin/Downloads/archive (1)\Normal\normal (1077).jpg,0
C:/Users/Admin/Downloads/archive (1)\Normal\normal (705).jpg,0
C:/Users/Admin/Downloads/archive (1)\Normal\normal (1064).jpg,0
C:/Users/Admin/Downloads/archive (1)\Normal\normal (823).jpg,0
C:/Users/Admin/Downloads/archive (1)\Jaundice\jaundice (27).jpg,1
C:/Users/Admin/Downloads/archive (1)\Normal\normal (715).jpg,0
C:/Users/Admin/Downloads/archive (1)\Normal\normal (760).jpg,0
C:/Users/Admin/Downloads/archive (1)\Jaundice\jaundice (71).jpg,1
C:/Users/Admin/Downloads/archive (1)\Normal\normal (1102).jpg,0
C:/Users/Admin/Downloads/archive (1)\Jaundice\jaundice (98).jpg,1
C:/Users/Admin/Downloads/archive (1)\Normal\normal (576).jpg,0
C:/Users/Admin/Downloads/archive (1)\Normal\normal (636).jpg,0
C:/Users/Admin/Downloads/archive (1)\Jaundice\jaundice (24).jpg,1
C:/Users/Admin/Downloads/archive (1)\Normal\normal (617).jpg,0
C:/Users/Admin/Downloads/archive (1)\Normal\normal (712).jpg,0
C:/Users/Admin/Downloads/archive (1)\Jaundice\jaundice (152).jpg,1
C:/Users/Admin/Downloads/archive (1)\Normal\normal (558).jpg,0
C:/Users/Admin/Downloads/archive (1)\Normal\normal (802).jpg,0
C:/Users/Admin/Downloads/archive (1)\Jaundice\jaundice (34).jpg,1
C:/Users/Admin/Downloads/archive (1)\Jaundice\jaundice (180).jpg,1
C:/Users/Admin/Downloads/archive (1)\Normal\normal (856).jpg,0
C:/Users/Admin/Downloads/archive (1)\Normal\normal (620).jpg,0
C:/Users/Admin/Downloads/archive (1)\Jaundice\jaundice (19).jpg,1
C:/Users/Admin/Downloads/archive (1)\Normal\normal (741).jpg,0
C:/Users/Admin/Downloads/archive (1)\Normal\normal (1054).jpg,0
C:/Users/Admin/Downloads/archive (1)\Jaundice\jaundice (182).jpg,1
C:/Users/Admin/Downloads/archive (1)\Jaundice\jaundice (129).jpg,1
C:/Users/Admin/Downloads/archive (1)\Normal\normal (1017).jpg,0
C:/Users/Admin/Downloads/archive (1)\Jaundice\jaundice (150).jpg,1
C:/Users/Admin/Downloads/archive (1)\Jaundice\jaundice (116).jpg,1
C:/Users/Admin/Downloads/archive (1)\Normal\normal (943).jpg,0
C:/Users/Admin/Downloads/archive (1)\Normal\normal (669).jpg,0
C:/Users/Admin/Downloads/archive (1)\Normal\normal (754).jpg,0
C:/Users/Admin/Downloads/archive (1)\Normal\normal (962).jpg,0
C:/Users/Admin/Downloads/archive (1)\Jaundice\jaundice (39).jpg,1
C:/Users/Admin/Downloads/archive (1)\Normal\normal (974).jpg,0
C:/Users/Admin/Downloads/archive (1)\Normal\normal (778).jpg,0
C:/Users/Admin/Downloads/archive (1)\Normal\normal (786).jpg,0
C:/Users/Admin/Downloads/archive (1)\Normal\normal (659).jpg,0
C:/Users/Admin/Downloads/archive (1)\Jaundice\jaundice (4).jpg,1
C:/Users/Admin/Downloads/archive (1)\Normal\normal (1072).jpg,0
C:/Users/Admin/Downloads/archive (1)\Normal\normal (909).jpg,0
C:/Users/Admin/Downloads/archive (1)\Normal\normal (628).jpg,0
C:/Users/Admin/Downloads/archive (1)\Normal\normal (1111).jpg,0
C:/Users/Admin/Downloads/archive (1)\Normal\normal (603).jpg,0
C:/Users/Admin/Downloads/archive (1)\Normal\normal (773).jpg,0
C:/Users/Admin/Downloads/archive (1)\Normal\normal (840).jpg,0
C:/Users/Admin/Downloads/archive (1)\Normal\normal (761).jpg,0
C:/Users/Admin/Downloads/archive (1)\Normal\normal (721).jpg,0
C:/Users/Admin/Downloads/archive (1)\Jaundice\jaundice (164).jpg,1
C:/Users/Admin/Downloads/archive (1)\Normal\normal (862).jpg,0
C:/Users/Admin/Downloads/archive (1)\Normal\normal (632).jpg,0
C:/Users/Admin/Downloads/archive (1)\Jaundice\jaundice (64).jpg,1
C:/Users/Admin/Downloads/archive (1)\Normal\normal (706).jpg,0
C:/Users/Admin/Downloads/archive (1)\Normal\normal (1091).jpg,0
C:/Users/Admin/Downloads/archive (1)\Normal\normal (1008).jpg,0
C:/Users/Admin/Downloads/archive (1)\Jaundice\jaundice (109).jpg,1
C:/Users/Admin/Downloads/archive (1)\Normal\normal (927).jpg,0
C:/Users/Admin/Downloads/archive (1)\Normal\normal (734).jpg,0
C:/Users/Admin/Downloads/archive (1)\Normal\normal (993).jpg,0
C:/Users/Admin/Downloads/archive (1)\Normal\normal (865).jpg,0
C:/Users/Admin/Downloads/archive (1)\Jaundice\jaundice (170).jpg,1
C:/Users/Admin/Downloads/archive (1)\Normal\normal (893).jpg,0
C:/Users/Admin/Downloads/archive (1)\Normal\normal (686).jpg,0
C:/Users/Admin/Downloads/archive (1)\Jaundice\jaundice (69).jpg,1
C:/Users/Admin/Downloads/archive (1)\Normal\normal (1009).jpg,0
C:/Users/Admin/Downloads/archive (1)\Normal\normal (889).jpg,0
C:/Users/Admin/Downloads/archive (1)\Normal\normal (688).jpg,0
C:/Users/Admin/Downloads/archive (1)\Normal\normal (598).jpg,0
C:/Users/Admin/Downloads/archive (1)\Normal\normal (772).jpg,0
C:/Users/Admin/Downloads/archive (1)\Normal\normal (807).jpg,0
C:/Users/Admin/Downloads/archive (1)\Jaundice\jaundice (169).jpg,1
C:/Users/Admin/Downloads/archive (1)\Jaundice\jaundice (67).jpg,1
C:/Users/Admin/Downloads/archive (1)\Normal\normal (745).jpg,0
C:/Users/Admin/Downloads/archive (1)\Normal\normal (891).jpg,0
C:/Users/Admin/Downloads/archive (1)\Jaundice\jaundice (179).jpg,1
C:/Users/Admin/Downloads/archive (1)\Normal\normal (690).jpg,0
C:/Users/Admin/Downloads/archive (1)\Normal\normal (649).jpg,0
C:/Users/Admin/Downloads/archive (1)\Normal\normal (764).jpg,0
C:/Users/Admin/Downloads/archive (1)\Jaundice\jaundice (6).jpg,1
C:/Users/Admin/Downloads/archive (1)\Normal\normal (911).jpg,0
C:/Users/Admin/Downloads/archive (1)\Normal\normal (828).jpg,0
C:/Users/Admin/Downloads/archive (1)\Normal\normal (795).jpg,0
C:/Users/Admin/Downloads/archive (1)\Jaundice\jaundice (126).jpg,1
C:/Users/Admin/Downloads/archive (1)\Jaundice\jaundice (26).jpg,1
C:/Users/Admin/Downloads/archive (1)\Normal\normal (810).jpg,0
C:/Users/Admin/Downloads/archive (1)\Jaundice\jaundice (110).jpg,1
C:/Users/Admin/Downloads/archive (1)\Normal\normal (736).jpg,0
C:/Users/Admin/Downloads/archive (1)\Jaundice\jaundice (30).jpg,1
C:/Users/Admin/Downloads/archive (1)\Normal\normal (787).jpg,0
C:/Users/Admin/Downloads/archive (1)\Jaundice\jaundice (88).jpg,1
C:/Users/Admin/Downloads/archive (1)\Normal\normal (938).jpg,0
C:/Users/Admin/Downloads/archive (1)\Normal\normal (980).jpg,0
C:/Users/Admin/Downloads/archive (1)\Normal\normal (1068).jpg,0
C:/Users/Admin/Downloads/archive (1)\Jaundice\jaundice (140).jpg,1
C:/Users/Admin/Downloads/archive (1)\Normal\normal (1032).jpg,0
C:/Users/Admin/Downloads/archive (1)\Normal\normal (664).jpg,0
C:/Users/Admin/Downloads/archive (1)\Jaundice\jaundice (143).jpg,1
C:/Users/Admin/Downloads/archive (1)\Normal\normal (979).jpg,0
C:/Users/Admin/Downloads/archive (1)\Normal\normal (585).jpg,0
C:/Users/Admin/Downloads/archive (1)\Normal\normal (821).jpg,0
C:/Users/Admin/Downloads/archive (1)\Normal\normal (800).jpg,0
C:/Users/Admin/Downloads/archive (1)\Normal\normal (1023).jpg,0
C:/Users/Admin/Downloads/archive (1)\Jaundice\jaundice (7).jpg,1
C:/Users/Admin/Downloads/archive (1)\Normal\normal (996).jpg,0
C:/Users/Admin/Downloads/archive (1)\Normal\normal (880).jpg,0
C:/Users/Admin/Downloads/archive (1)\Jaundice\jaundice (130).jpg,1
C:/Users/Admin/Downloads/archive (1)\Normal\normal (797).jpg,0
C:/Users/Admin/Downloads/archive (1)\Jaundice\jaundice (37).jpg,1
C:/Users/Admin/Downloads/archive (1)\Normal\normal (782).jpg,0
C:/Users/Admin/Downloads/archive (1)\Normal\normal (730).jpg,0
C:/Users/Admin/Downloads/archive (1)\Normal\normal (796).jpg,0
C:/Users/Admin/Downloads/archive (1)\Jaundice\jaundice (181).jpg,1
C:/Users/Admin/Downloads/archive (1)\Normal\normal (742).jpg,0
C:/Users/Admin/Downloads/archive (1)\Normal\normal (1092).jpg,0
C:/Users/Admin/Downloads/archive (1)\Normal\normal (723).jpg,0
C:/Users/Admin/Downloads/archive (1)\Normal\normal (738).jpg,0
C:/Users/Admin/Downloads/archive (1)\Normal\normal (616).jpg,0
C:/Users/Admin/Downloads/archive (1)\Normal\normal (762).jpg,0
C:/Users/Admin/Downloads/archive (1)\Normal\normal (1069).jpg,0
C:/Users/Admin/Downloads/archive (1)\Normal\normal (714).jpg,0
C:/Users/Admin/Downloads/archive (1)\Normal\normal (687).jpg,0
C:/Users/Admin/Downloads/archive (1)\Normal\normal (882).jpg,0
C:/Users/Admin/Downloads/archive (1)\Jaundice\jaundice (70).jpg,1
C:/Users/Admin/Downloads/archive (1)\Jaundice\jaundice (61).jpg,1
C:/Users/Admin/Downloads/archive (1)\Jaundice\jaundice (73).jpg,1
C:/Users/Admin/Downloads/archive (1)\Normal\normal (876).jpg,0
C:/Users/Admin/Downloads/archive (1)\Normal\normal (1006).jpg,0
C:/Users/Admin/Downloads/archive (1)\Normal\normal (992).jpg,0
C:/Users/Admin/Downloads/archive (1)\Jaundice\jaundice (114).jpg,1
C:/Users/Admin/Downloads/archive (1)\Jaundice\jaundice (158).jpg,1
C:/Users/Admin/Downloads/archive (1)\Jaundice\jaundice (1).jpg,1
C:/Users/Admin/Downloads/archive (1)\Normal\normal (877).jpg,0
C:/Users/Admin/Downloads/archive (1)\Normal\normal (663).jpg,0
C:/Users/Admin/Downloads/archive (1)\Normal\normal (873).jpg,0
C:/Users/Admin/Downloads/archive (1)\Normal\normal (569).jpg,0
C:/Users/Admin/Downloads/archive (1)\Normal\normal (768).jpg,0
C:/Users/Admin/Downloads/archive (1)\Jaundice\jaundice (31).jpg,1
C:/Users/Admin/Downloads/archive (1)\Normal\normal (1110).jpg,0
C:/Users/Admin/Downloads/archive (1)\Normal\normal (660).jpg,0
C:/Users/Admin/Downloads/archive (1)\Normal\normal (1107).jpg,0
C:/Users/Admin/Downloads/archive (1)\Normal\normal (594).jpg,0
C:/Users/Admin/Downloads/archive (1)\Jaundice\jaundice (85).jpg,1
C:/Users/Admin/Downloads/archive (1)\Normal\normal (607).jpg,0
C:/Users/Admin/Downloads/archive (1)\Jaundice\jaundice (95).jpg,1
C:/Users/Admin/Downloads/archive (1)\Normal\normal (822).jpg,0
C:/Users/Admin/Downloads/archive (1)\Normal\normal (731).jpg,0
C:/Users/Admin/Downloads/archive (1)\Jaundice\jaundice (186).jpg,1
C:/Users/Admin/Downloads/archive (1)\Normal\normal (830).jpg,0
C:/Users/Admin/Downloads/archive (1)\Normal\normal (769).jpg,0
C:/Users/Admin/Downloads/archive (1)\Normal\normal (936).jpg,0
C:/Users/Admin/Downloads/archive (1)\Normal\normal (1037).jpg,0
C:/Users/Admin/Downloads/archive (1)\Jaundice\jaundice (63).jpg,1
C:/Users/Admin/Downloads/archive (1)\Normal\normal (1084).jpg,0
C:/Users/Admin/Downloads/archive (1)\Normal\normal (874).jpg,0
C:/Users/Admin/Downloads/archive (1)\Normal\normal (667).jpg,0
C:/Users/Admin/Downloads/archive (1)\Normal\normal (633).jpg,0
C:/Users/Admin/Downloads/archive (1)\Normal\normal (984).jpg,0
C:/Users/Admin/Downloads/archive (1)\Normal\normal (1021).jpg,0
C:/Users/Admin/Downloads/archive (1)\Jaundice\jaundice (198).jpg,1
C:/Users/Admin/Downloads/archive (1)\Normal\normal (621).jpg,0
C:/Users/Admin/Downloads/archive (1)\Normal\normal (671).jpg,0
C:/Users/Admin/Downloads/archive (1)\Normal\normal (571).jpg,0
C:/Users/Admin/Downloads/archive (1)\Normal\normal (689).jpg,0
C:/Users/Admin/Downloads/archive (1)\Normal\normal (843).jpg,0
C:/Users/Admin/Downloads/archive (1)\Normal\normal (588).jpg,0
C:/Users/Admin/Downloads/archive (1)\Jaundice\jaundice (175).jpg,1
C:/Users/Admin/Downloads/archive (1)\Jaundice\jaundice (93).jpg,1
C:/Users/Admin/Downloads/archive (1)\Jaundice\jaundice (141).jpg,1
